Min.,1st Qu.,Median,Mean,3rd Qu.,Max.
4.60516977310181,5.99146509170532,6.30991792678833,6.28542293492738,6.58063888549805,7.78488922119141
0,6,8,8.29234234234234,10,22
0,8,12,10.6081081081081,12,18
0,8,10,10.0788288288288,12,18
1,12,13,13.6274774774775,16,18
