Min.,1st Qu.,Median,Mean,3rd Qu.,Max.
4.605169773,5.991465092,6.309917927,6.285422935,6.580638885,7.784889221
0,6,8,8.292342342,10,22
0,8,12,10.60810811,12,18
0,8,10,10.07882883,12,18
1,12,13,13.62747748,16,18
